INSERT INTO category (id, name, description) VALUES
(1, 'Category 1', 'Description 1'),
(2, 'Category 2', 'Description 2'),
(3, 'Category 3', 'Description 3'),
(4, 'Category 4', 'Description 4'),
(5, 'Category 5', 'Description 5'),
(6, 'Category 6', 'Description 6'),
(7, 'Category 7', 'Description 7'),
(8, 'Category 8', 'Description 8'),
(9, 'Category 9', 'Description 9'),
(10, 'Category 10', 'Description 10'),
(11, 'Category 11', 'Description 11'),
(12, 'Category 12', 'Description 12'),
(13, 'Category 13', 'Description 13'),
(14, 'Category 14', 'Description 14'),
(15, 'Category 15', 'Description 15'),
(16, 'Category 16', 'Description 16'),
(17, 'Category 17', 'Description 17'),
(18, 'Category 18', 'Description 18'),
(19, 'Category 19', 'Description 19'),
(20, 'Category 20', 'Description 20'),
(21, 'Category 21', 'Description 21'),
(22, 'Category 22', 'Description 22'),
(23, 'Category 23', 'Description 23'),
(24, 'Category 24', 'Description 24'),
(25, 'Category 25', 'Description 25'),
(26, 'Category 26', 'Description 26'),
(27, 'Category 27', 'Description 27'),
(28, 'Category 28', 'Description 28'),
(29, 'Category 29', 'Description 29'),
(30, 'Category 30', 'Description 30'),
(31, 'Category 31', 'Description 31'),
(32, 'Category 32', 'Description 32'),
(33, 'Category 33', 'Description 33'),
(34, 'Category 34', 'Description 34'),
(35, 'Category 35', 'Description 35'),
(36, 'Category 36', 'Description 36'),
(37, 'Category 37', 'Description 37'),
(38, 'Category 38', 'Description 38'),
(39, 'Category 39', 'Description 39'),
(40, 'Category 40', 'Description 40'),
(41, 'Category 41', 'Description 41'),
(42, 'Category 42', 'Description 42'),
(43, 'Category 43', 'Description 43'),
(44, 'Category 44', 'Description 44'),
(45, 'Category 45', 'Description 45'),
(46, 'Category 46', 'Description 46'),
(47, 'Category 47', 'Description 47'),
(48, 'Category 48', 'Description 48'),
(49, 'Category 49', 'Description 49'),
(50, 'Category 50', 'Description 50'),
(51, 'Category 51', 'Description 51'),
(52, 'Category 52', 'Description 52'),
(53, 'Category 53', 'Description 53'),
(54, 'Category 54', 'Description 54'),
(55, 'Category 55', 'Description 55'),
(56, 'Category 56', 'Description 56'),
(57, 'Category 57', 'Description 57'),
(58, 'Category 58', 'Description 58'),
(59, 'Category 59', 'Description 59'),
(60, 'Category 60', 'Description 60'),
(61, 'Category 61', 'Description 61'),
(62, 'Category 62', 'Description 62'),
(63, 'Category 63', 'Description 63'),
(64, 'Category 64', 'Description 64'),
(65, 'Category 65', 'Description 65'),
(66, 'Category 66', 'Description 66'),
(67, 'Category 67', 'Description 67'),
(68, 'Category 68', 'Description 68'),
(69, 'Category 69', 'Description 69'),
(70, 'Category 70', 'Description 70'),
(71, 'Category 71', 'Description 71'),
(72, 'Category 72', 'Description 72'),
(73, 'Category 73', 'Description 73'),
(74, 'Category 74', 'Description 74'),
(75, 'Category 75', 'Description 75'),
(76, 'Category 76', 'Description 76'),
(77, 'Category 77', 'Description 77'),
(78, 'Category 78', 'Description 78'),
(79, 'Category 79', 'Description 79'),
(80, 'Category 80', 'Description 80'),
(81, 'Category 81', 'Description 81'),
(82, 'Category 82', 'Description 82'),
(83, 'Category 83', 'Description 83'),
(84, 'Category 84', 'Description 84'),
(85, 'Category 85', 'Description 85'),
(86, 'Category 86', 'Description 86'),
(87, 'Category 87', 'Description 87'),
(88, 'Category 88', 'Description 88'),
(89, 'Category 89', 'Description 89'),
(90, 'Category 90', 'Description 90'),
(91, 'Category 91', 'Description 91'),
(92, 'Category 92', 'Description 92'),
(93, 'Category 93', 'Description 93'),
(94, 'Category 94', 'Description 94'),
(95, 'Category 95', 'Description 95'),
(96, 'Category 96', 'Description 96'),
(97, 'Category 97', 'Description 97'),
(98, 'Category 98', 'Description 98'),
(99, 'Category 99', 'Description 99'),
(100, 'Category 100', 'Description 100');

INSERT INTO product (id, name, description, available_quantity, price, category_id) VALUES
(1, 'Product 1', 'Description 1', 10, 100.00, 1),
(2, 'Product 2', 'Description 2', 20, 200.00, 2),
(3, 'Product 3', 'Description 3', 30, 300.00, 3),
(4, 'Product 4', 'Description 4', 40, 400.00, 4),
(5, 'Product 5', 'Description 5', 50, 500.00, 5),
(6, 'Product 6', 'Description 6', 60, 600.00, 6),
(7, 'Product 7', 'Description 7', 70, 700.00, 7),
(8, 'Product 8', 'Description 8', 80, 800.00, 8),
(9, 'Product 9', 'Description 9', 90, 900.00, 9),
(10, 'Product 10', 'Description 10', 100, 1000.00, 10),
(11, 'Product 11', 'Description 11', 110, 1100.00, 11),
(12, 'Product 12', 'Description 12', 120, 1200.00, 12),
(13, 'Product 13', 'Description 13', 130, 1300.00, 13),
(14, 'Product 14', 'Description 14', 140, 1400.00, 14),
(15, 'Product 15', 'Description 15', 150, 1500.00, 15),
(16, 'Product 16', 'Description 16', 160, 1600.00, 16),
(17, 'Product 17', 'Description 17', 170, 1700.00, 17),
(18, 'Product 18', 'Description 18', 180, 1800.00, 18),
(19, 'Product 19', 'Description 19', 190, 1900.00, 19),
(20, 'Product 20', 'Description 20', 200, 2000.00, 20),
(21, 'Product 21', 'Description 21', 210, 2100.00, 21),
(22, 'Product 22', 'Description 22', 220, 2200.00, 22),
(23, 'Product 23', 'Description 23', 230, 2300.00, 23),
(24, 'Product 24', 'Description 24', 240, 2400.00, 24),
(25, 'Product 25', 'Description 25', 250, 2500.00, 25),
(26, 'Product 26', 'Description 26', 260, 2600.00, 26),
(27, 'Product 27', 'Description 27', 270, 2700.00, 27),
(28, 'Product 28', 'Description 28', 280, 2800.00, 28),
(29, 'Product 29', 'Description 29', 290, 2900.00, 29),
(30, 'Product 30', 'Description 30', 300, 3000.00, 30),
(31, 'Product 31', 'Description 31', 310, 3100.00, 31),
(32, 'Product 32', 'Description 32', 320, 3200.00, 32),
(33, 'Product 33', 'Description 33', 330, 3300.00, 33),
(34, 'Product 34', 'Description 34', 340, 3400.00, 34),
(35, 'Product 35', 'Description 35', 350, 3500.00, 35),
(36, 'Product 36', 'Description 36', 360, 3600.00, 36),
(37, 'Product 37', 'Description 37', 370, 3700.00, 37),
(38, 'Product 38', 'Description 38', 380, 3800.00, 38),
(39, 'Product 39', 'Description 39', 390, 3900.00, 39),
(40, 'Product 40', 'Description 40', 400, 4000.00, 40),
(41, 'Product 41', 'Description 41', 410, 4100.00, 41),
(42, 'Product 42', 'Description 42', 420, 4200.00, 42),
(43, 'Product 43', 'Description 43', 430, 4300.00, 43),
(44, 'Product 44', 'Description 44', 440, 4400.00, 44),
(45, 'Product 45', 'Description 45', 450, 4500.00, 45),
(46, 'Product 46', 'Description 46', 460, 4600.00, 46),
(47, 'Product 47', 'Description 47', 470, 4700.00, 47),
(48, 'Product 48', 'Description 48', 480, 4800.00, 48),
(49, 'Product 49', 'Description 49', 490, 4900.00, 49),
(50, 'Product 50', 'Description 50', 500, 5000.00, 50),
(51, 'Product 51', 'Description 51', 510, 5100.00, 51),
(52, 'Product 52', 'Description 52', 520, 5200.00, 52),
(53, 'Product 53', 'Description 53', 530, 5300.00, 53),
(54, 'Product 54', 'Description 54', 540, 5400.00, 54),
(55, 'Product 55', 'Description 55', 550, 5500.00, 55),
(56, 'Product 56', 'Description 56', 560, 5600.00, 56),
(57, 'Product 57', 'Description 57', 570, 5700.00, 57),
(58, 'Product 58', 'Description 58', 580, 5800.00, 58),
(59, 'Product 59', 'Description 59', 590, 5900.00, 59),
(60, 'Product 60', 'Description 60', 600, 6000.00, 60),
(61, 'Product 61', 'Description 61', 610, 6100.00, 61),
(62, 'Product 62', 'Description 62', 620, 6200.00, 62),
(63, 'Product 63', 'Description 63', 630, 6300.00, 63),
(64, 'Product 64', 'Description 64', 640, 6400.00, 64),
(65, 'Product 65', 'Description 65', 650, 6500.00, 65),
(66, 'Product 66', 'Description 66', 660, 6600.00, 66),
(67, 'Product 67', 'Description 67', 670, 6700.00, 67),
(68, 'Product 68', 'Description 68', 680, 6800.00, 68),
(69, 'Product 69', 'Description 69', 690, 6900.00, 69),
(70, 'Product 70', 'Description 70', 700, 7000.00, 70),
(71, 'Product 71', 'Description 71', 710, 7100.00, 71),
(72, 'Product 72', 'Description 72', 720, 7200.00, 72),
(73, 'Product 73', 'Description 73', 730, 7300.00, 73),
(74, 'Product 74', 'Description 74', 740, 7400.00, 74),
(75, 'Product 75', 'Description 75', 750, 7500.00, 75),
(76, 'Product 76', 'Description 76', 760, 7600.00, 76),
(77, 'Product 77', 'Description 77', 770, 7700.00, 77),
(78, 'Product 78', 'Description 78', 780, 7800.00, 78),
(79, 'Product 79', 'Description 79', 790, 7900.00, 79),
(80, 'Product 80', 'Description 80', 800, 8000.00, 80),
(81, 'Product 81', 'Description 81', 810, 8100.00, 81),
(82, 'Product 82', 'Description 82', 820, 8200.00, 82),
(83, 'Product 83', 'Description 83', 830, 8300.00, 83),
(84, 'Product 84', 'Description 84', 840, 8400.00, 84),
(85, 'Product 85', 'Description 85', 850, 8500.00, 85),
(86, 'Product 86', 'Description 86', 860, 8600.00, 86),
(87, 'Product 87', 'Description 87', 870, 8700.00, 87),
(88, 'Product 88', 'Description 88', 880, 8800.00, 88),
(89, 'Product 89', 'Description 89', 890, 8900.00, 89),
(90, 'Product 90', 'Description 90', 900, 9000.00, 90),
(91, 'Product 91', 'Description 91', 910, 9100.00, 91),
(92, 'Product 92', 'Description 92', 920, 9200.00, 92),
(93, 'Product 93', 'Description 93', 930, 9300.00, 93),
(94, 'Product 94', 'Description 94', 940, 9400.00, 94),
(95, 'Product 95', 'Description 95', 950, 9500.00, 95),
(96, 'Product 96', 'Description 96', 960, 9600.00, 96),
(97, 'Product 97', 'Description 97', 970, 9700.00, 97),
(98, 'Product 98', 'Description 98', 980, 9800.00, 98),
(99, 'Product 99', 'Description 99', 990, 9900.00, 99),
(100, 'Product 100', 'Description 100', 1000, 10000.00, 100);

INSERT INTO "customer-order" (id, reference, total_amount, payment_method, customer_id, created_at, last_modified_date) VALUES
(1, 'ORD-1', 100.00, 'CREDIT_CARD', 'cust1', NOW(), NOW()),
(2, 'ORD-2', 200.00, 'CREDIT_CARD', 'cust2', NOW(), NOW()),
(3, 'ORD-3', 300.00, 'CREDIT_CARD', 'cust3', NOW(), NOW()),
(4, 'ORD-4', 400.00, 'CREDIT_CARD', 'cust4', NOW(), NOW()),
(5, 'ORD-5', 500.00, 'CREDIT_CARD', 'cust5', NOW(), NOW()),
(6, 'ORD-6', 600.00, 'CREDIT_CARD', 'cust6', NOW(), NOW()),
(7, 'ORD-7', 700.00, 'CREDIT_CARD', 'cust7', NOW(), NOW()),
(8, 'ORD-8', 800.00, 'CREDIT_CARD', 'cust8', NOW(), NOW()),
(9, 'ORD-9', 900.00, 'CREDIT_CARD', 'cust9', NOW(), NOW()),
(10, 'ORD-10', 1000.00, 'CREDIT_CARD', 'cust10', NOW(), NOW()),
(11, 'ORD-11', 1100.00, 'CREDIT_CARD', 'cust11', NOW(), NOW()),
(12, 'ORD-12', 1200.00, 'CREDIT_CARD', 'cust12', NOW(), NOW()),
(13, 'ORD-13', 1300.00, 'CREDIT_CARD', 'cust13', NOW(), NOW()),
(14, 'ORD-14', 1400.00, 'CREDIT_CARD', 'cust14', NOW(), NOW()),
(15, 'ORD-15', 1500.00, 'CREDIT_CARD', 'cust15', NOW(), NOW()),
(16, 'ORD-16', 1600.00, 'CREDIT_CARD', 'cust16', NOW(), NOW()),
(17, 'ORD-17', 1700.00, 'CREDIT_CARD', 'cust17', NOW(), NOW()),
(18, 'ORD-18', 1800.00, 'CREDIT_CARD', 'cust18', NOW(), NOW()),
(19, 'ORD-19', 1900.00, 'CREDIT_CARD', 'cust19', NOW(), NOW()),
(20, 'ORD-20', 2000.00, 'CREDIT_CARD', 'cust20', NOW(), NOW()),
(21, 'ORD-21', 2100.00, 'CREDIT_CARD', 'cust21', NOW(), NOW()),
(22, 'ORD-22', 2200.00, 'CREDIT_CARD', 'cust22', NOW(), NOW()),
(23, 'ORD-23', 2300.00, 'CREDIT_CARD', 'cust23', NOW(), NOW()),
(24, 'ORD-24', 2400.00, 'CREDIT_CARD', 'cust24', NOW(), NOW()),
(25, 'ORD-25', 2500.00, 'CREDIT_CARD', 'cust25', NOW(), NOW()),
(26, 'ORD-26', 2600.00, 'CREDIT_CARD', 'cust26', NOW(), NOW()),
(27, 'ORD-27', 2700.00, 'CREDIT_CARD', 'cust27', NOW(), NOW()),
(28, 'ORD-28', 2800.00, 'CREDIT_CARD', 'cust28', NOW(), NOW()),
(29, 'ORD-29', 2900.00, 'CREDIT_CARD', 'cust29', NOW(), NOW()),
(30, 'ORD-30', 3000.00, 'CREDIT_CARD', 'cust30', NOW(), NOW()),
(31, 'ORD-31', 3100.00, 'CREDIT_CARD', 'cust31', NOW(), NOW()),
(32, 'ORD-32', 3200.00, 'CREDIT_CARD', 'cust32', NOW(), NOW()),
(33, 'ORD-33', 3300.00, 'CREDIT_CARD', 'cust33', NOW(), NOW()),
(34, 'ORD-34', 3400.00, 'CREDIT_CARD', 'cust34', NOW(), NOW()),
(35, 'ORD-35', 3500.00, 'CREDIT_CARD', 'cust35', NOW(), NOW()),
(36, 'ORD-36', 3600.00, 'CREDIT_CARD', 'cust36', NOW(), NOW()),
(37, 'ORD-37', 3700.00, 'CREDIT_CARD', 'cust37', NOW(), NOW()),
(38, 'ORD-38', 3800.00, 'CREDIT_CARD', 'cust38', NOW(), NOW()),
(39, 'ORD-39', 3900.00, 'CREDIT_CARD', 'cust39', NOW(), NOW()),
(40, 'ORD-40', 4000.00, 'CREDIT_CARD', 'cust40', NOW(), NOW()),
(41, 'ORD-41', 4100.00, 'CREDIT_CARD', 'cust41', NOW(), NOW()),
(42, 'ORD-42', 4200.00, 'CREDIT_CARD', 'cust42', NOW(), NOW()),
(43, 'ORD-43', 4300.00, 'CREDIT_CARD', 'cust43', NOW(), NOW()),
(44, 'ORD-44', 4400.00, 'CREDIT_CARD', 'cust44', NOW(), NOW()),
(45, 'ORD-45', 4500.00, 'CREDIT_CARD', 'cust45', NOW(), NOW()),
(46, 'ORD-46', 4600.00, 'CREDIT_CARD', 'cust46', NOW(), NOW()),
(47, 'ORD-47', 4700.00, 'CREDIT_CARD', 'cust47', NOW(), NOW()),
(48, 'ORD-48', 4800.00, 'CREDIT_CARD', 'cust48', NOW(), NOW()),
(49, 'ORD-49', 4900.00, 'CREDIT_CARD', 'cust49', NOW(), NOW()),
(50, 'ORD-50', 5000.00, 'CREDIT_CARD', 'cust50', NOW(), NOW()),
(51, 'ORD-51', 5100.00, 'CREDIT_CARD', 'cust51', NOW(), NOW()),
(52, 'ORD-52', 5200.00, 'CREDIT_CARD', 'cust52', NOW(), NOW()),
(53, 'ORD-53', 5300.00, 'CREDIT_CARD', 'cust53', NOW(), NOW()),
(54, 'ORD-54', 5400.00, 'CREDIT_CARD', 'cust54', NOW(), NOW()),
(55, 'ORD-55', 5500.00, 'CREDIT_CARD', 'cust55', NOW(), NOW()),
(56, 'ORD-56', 5600.00, 'CREDIT_CARD', 'cust56', NOW(), NOW()),
(57, 'ORD-57', 5700.00, 'CREDIT_CARD', 'cust57', NOW(), NOW()),
(58, 'ORD-58', 5800.00, 'CREDIT_CARD', 'cust58', NOW(), NOW()),
(59, 'ORD-59', 5900.00, 'CREDIT_CARD', 'cust59', NOW(), NOW()),
(60, 'ORD-60', 6000.00, 'CREDIT_CARD', 'cust60', NOW(), NOW()),
(61, 'ORD-61', 6100.00, 'CREDIT_CARD', 'cust61', NOW(), NOW()),
(62, 'ORD-62', 6200.00, 'CREDIT_CARD', 'cust62', NOW(), NOW()),
(63, 'ORD-63', 6300.00, 'CREDIT_CARD', 'cust63', NOW(), NOW()),
(64, 'ORD-64', 6400.00, 'CREDIT_CARD', 'cust64', NOW(), NOW()),
(65, 'ORD-65', 6500.00, 'CREDIT_CARD', 'cust65', NOW(), NOW()),
(66, 'ORD-66', 6600.00, 'CREDIT_CARD', 'cust66', NOW(), NOW()),
(67, 'ORD-67', 6700.00, 'CREDIT_CARD', 'cust67', NOW(), NOW()),
(68, 'ORD-68', 6800.00, 'CREDIT_CARD', 'cust68', NOW(), NOW()),
(69, 'ORD-69', 6900.00, 'CREDIT_CARD', 'cust69', NOW(), NOW()),
(70, 'ORD-70', 7000.00, 'CREDIT_CARD', 'cust70', NOW(), NOW()),
(71, 'ORD-71', 7100.00, 'CREDIT_CARD', 'cust71', NOW(), NOW()),
(72, 'ORD-72', 7200.00, 'CREDIT_CARD', 'cust72', NOW(), NOW()),
(73, 'ORD-73', 7300.00, 'CREDIT_CARD', 'cust73', NOW(), NOW()),
(74, 'ORD-74', 7400.00, 'CREDIT_CARD', 'cust74', NOW(), NOW()),
(75, 'ORD-75', 7500.00, 'CREDIT_CARD', 'cust75', NOW(), NOW()),
(76, 'ORD-76', 7600.00, 'CREDIT_CARD', 'cust76', NOW(), NOW()),
(77, 'ORD-77', 7700.00, 'CREDIT_CARD', 'cust77', NOW(), NOW()),
(78, 'ORD-78', 7800.00, 'CREDIT_CARD', 'cust78', NOW(), NOW()),
(79, 'ORD-79', 7900.00, 'CREDIT_CARD', 'cust79', NOW(), NOW()),
(80, 'ORD-80', 8000.00, 'CREDIT_CARD', 'cust80', NOW(), NOW()),
(81, 'ORD-81', 8100.00, 'CREDIT_CARD', 'cust81', NOW(), NOW()),
(82, 'ORD-82', 8200.00, 'CREDIT_CARD', 'cust82', NOW(), NOW()),
(83, 'ORD-83', 8300.00, 'CREDIT_CARD', 'cust83', NOW(), NOW()),
(84, 'ORD-84', 8400.00, 'CREDIT_CARD', 'cust84', NOW(), NOW()),
(85, 'ORD-85', 8500.00, 'CREDIT_CARD', 'cust85', NOW(), NOW()),
(86, 'ORD-86', 8600.00, 'CREDIT_CARD', 'cust86', NOW(), NOW()),
(87, 'ORD-87', 8700.00, 'CREDIT_CARD', 'cust87', NOW(), NOW()),
(88, 'ORD-88', 8800.00, 'CREDIT_CARD', 'cust88', NOW(), NOW()),
(89, 'ORD-89', 8900.00, 'CREDIT_CARD', 'cust89', NOW(), NOW()),
(90, 'ORD-90', 9000.00, 'CREDIT_CARD', 'cust90', NOW(), NOW()),
(91, 'ORD-91', 9100.00, 'CREDIT_CARD', 'cust91', NOW(), NOW()),
(92, 'ORD-92', 9200.00, 'CREDIT_CARD', 'cust92', NOW(), NOW()),
(93, 'ORD-93', 9300.00, 'CREDIT_CARD', 'cust93', NOW(), NOW()),
(94, 'ORD-94', 9400.00, 'CREDIT_CARD', 'cust94', NOW(), NOW()),
(95, 'ORD-95', 9500.00, 'CREDIT_CARD', 'cust95', NOW(), NOW()),
(96, 'ORD-96', 9600.00, 'CREDIT_CARD', 'cust96', NOW(), NOW()),
(97, 'ORD-97', 9700.00, 'CREDIT_CARD', 'cust97', NOW(), NOW()),
(98, 'ORD-98', 9800.00, 'CREDIT_CARD', 'cust98', NOW(), NOW()),
(99, 'ORD-99', 9900.00, 'CREDIT_CARD', 'cust99', NOW(), NOW()),
(100, 'ORD-100', 10000.00, 'CREDIT_CARD', 'cust100', NOW(), NOW());
INSERT INTO order_line (id, order_id, product_id, quantity) VALUES
(1, 1, 1, 1),
(2, 2, 2, 2),
(3, 3, 3, 3),
(4, 4, 4, 4),
(5, 5, 5, 5),
(6, 6, 6, 1),
(7, 7, 7, 2),
(8, 8, 8, 3),
(9, 9, 9, 4),
(10, 10, 10, 5),
(11, 11, 11, 1),
(12, 12, 12, 2),
(13, 13, 13, 3),
(14, 14, 14, 4),
(15, 15, 15, 5),
(16, 16, 16, 1),
(17, 17, 17, 2),
(18, 18, 18, 3),
(19, 19, 19, 4),
(20, 20, 20, 5),
(21, 21, 21, 1),
(22, 22, 22, 2),
(23, 23, 23, 3),
(24, 24, 24, 4),
(25, 25, 25, 5),
(26, 26, 26, 1),
(27, 27, 27, 2),
(28, 28, 28, 3),
(29, 29, 29, 4),
(30, 30, 30, 5),
(31, 31, 31, 1),
(32, 32, 32, 2),
(33, 33, 33, 3),
(34, 34, 34, 4),
(35, 35, 35, 5),
(36, 36, 36, 1),
(37, 37, 37, 2),
(38, 38, 38, 3),
(39, 39, 39, 4),
(40, 40, 40, 5),
(41, 41, 41, 1),
(42, 42, 42, 2),
(43, 43, 43, 3),
(44, 44, 44, 4),
(45, 45, 45, 5),
(46, 46, 46, 1),
(47, 47, 47, 2),
(48, 48, 48, 3),
(49, 49, 49, 4),
(50, 50, 50, 5),
(51, 51, 51, 1),
(52, 52, 52, 2),
(53, 53, 53, 3),
(54, 54, 54, 4),
(55, 55, 55, 5),
(56, 56, 56, 1),
(57, 57, 57, 2),
(58, 58, 58, 3),
(59, 59, 59, 4),
(60, 60, 60, 5),
(61, 61, 61, 1),
(62, 62, 62, 2),
(63, 63, 63, 3),
(64, 64, 64, 4),
(65, 65, 65, 5),
(66, 66, 66, 1),
(67, 67, 67, 2),
(68, 68, 68, 3),
(69, 69, 69, 4),
(70, 70, 70, 5),
(71, 71, 71, 1),
(72, 72, 72, 2),
(73, 73, 73, 3),
(74, 74, 74, 4),
(75, 75, 75, 5),
(76, 76, 76, 1),
(77, 77, 77, 2),
(78, 78, 78, 3),
(79, 79, 79, 4),
(80, 80, 80, 5),
(81, 81, 81, 1),
(82, 82, 82, 2),
(83, 83, 83, 3),
(84, 84, 84, 4),
(85, 85, 85, 5),
(86, 86, 86, 1),
(87, 87, 87, 2),
(88, 88, 88, 3),
(89, 89, 89, 4),
(90, 90, 90, 5),
(91, 91, 91, 1),
(92, 92, 92, 2),
(93, 93, 93, 3),
(94, 94, 94, 4),
(95, 95, 95, 5),
(96, 96, 96, 1),
(97, 97, 97, 2),
(98, 98, 98, 3),
(99, 99, 99, 4),
(100, 100, 100, 5);

INSERT INTO payment (id, amount, payment_method, order_id, created_at, updated_at) VALUES
(1, 100.00, 'CREDIT_CARD', 1, NOW(), NOW()),
(2, 200.00, 'CREDIT_CARD', 2, NOW(), NOW()),
(3, 300.00, 'CREDIT_CARD', 3, NOW(), NOW()),
(4, 400.00, 'CREDIT_CARD', 4, NOW(), NOW()),
(5, 500.00, 'CREDIT_CARD', 5, NOW(), NOW()),
(6, 600.00, 'CREDIT_CARD', 6, NOW(), NOW()),
(7, 700.00, 'CREDIT_CARD', 7, NOW(), NOW()),
(8, 800.00, 'CREDIT_CARD', 8, NOW(), NOW()),
(9, 900.00, 'CREDIT_CARD', 9, NOW(), NOW()),
(10, 1000.00, 'CREDIT_CARD', 10, NOW(), NOW()),
(11, 1100.00, 'CREDIT_CARD', 11, NOW(), NOW()),
(12, 1200.00, 'CREDIT_CARD', 12, NOW(), NOW()),
(13, 1300.00, 'CREDIT_CARD', 13, NOW(), NOW()),
(14, 1400.00, 'CREDIT_CARD', 14, NOW(), NOW()),
(15, 1500.00, 'CREDIT_CARD', 15, NOW(), NOW()),
(16, 1600.00, 'CREDIT_CARD', 16, NOW(), NOW()),
(17, 1700.00, 'CREDIT_CARD', 17, NOW(), NOW()),
(18, 1800.00, 'CREDIT_CARD', 18, NOW(), NOW()),
(19, 1900.00, 'CREDIT_CARD', 19, NOW(), NOW()),
(20, 2000.00, 'CREDIT_CARD', 20, NOW(), NOW()),
(21, 2100.00, 'CREDIT_CARD', 21, NOW(), NOW()),
(22, 2200.00, 'CREDIT_CARD', 22, NOW(), NOW()),
(23, 2300.00, 'CREDIT_CARD', 23, NOW(), NOW()),
(24, 2400.00, 'CREDIT_CARD', 24, NOW(), NOW()),
(25, 2500.00, 'CREDIT_CARD', 25, NOW(), NOW()),
(26, 2600.00, 'CREDIT_CARD', 26, NOW(), NOW()),
(27, 2700.00, 'CREDIT_CARD', 27, NOW(), NOW()),
(28, 2800.00, 'CREDIT_CARD', 28, NOW(), NOW()),
(29, 2900.00, 'CREDIT_CARD', 29, NOW(), NOW()),
(30, 3000.00, 'CREDIT_CARD', 30, NOW(), NOW()),
(31, 3100.00, 'CREDIT_CARD', 31, NOW(), NOW()),
(32, 3200.00, 'CREDIT_CARD', 32, NOW(), NOW()),
(33, 3300.00, 'CREDIT_CARD', 33, NOW(), NOW()),
(34, 3400.00, 'CREDIT_CARD', 34, NOW(), NOW()),
(35, 3500.00, 'CREDIT_CARD', 35, NOW(), NOW()),
(36, 3600.00, 'CREDIT_CARD', 36, NOW(), NOW()),
(37, 3700.00, 'CREDIT_CARD', 37, NOW(), NOW()),
(38, 3800.00, 'CREDIT_CARD', 38, NOW(), NOW()),
(39, 3900.00, 'CREDIT_CARD', 39, NOW(), NOW()),
(40, 4000.00, 'CREDIT_CARD', 40, NOW(), NOW()),
(41, 4100.00, 'CREDIT_CARD', 41, NOW(), NOW()),
(42, 4200.00, 'CREDIT_CARD', 42, NOW(), NOW()),
(43, 4300.00, 'CREDIT_CARD', 43, NOW(), NOW()),
(44, 4400.00, 'CREDIT_CARD', 44, NOW(), NOW()),
(45, 4500.00, 'CREDIT_CARD', 45, NOW(), NOW()),
(46, 4600.00, 'CREDIT_CARD', 46, NOW(), NOW()),
(47, 4700.00, 'CREDIT_CARD', 47, NOW(), NOW()),
(48, 4800.00, 'CREDIT_CARD', 48, NOW(), NOW()),
(49, 4900.00, 'CREDIT_CARD', 49, NOW(), NOW()),
(50, 5000.00, 'CREDIT_CARD', 50, NOW(), NOW()),
(51, 5100.00, 'CREDIT_CARD', 51, NOW(), NOW()),
(52, 5200.00, 'CREDIT_CARD', 52, NOW(), NOW()),
(53, 5300.00, 'CREDIT_CARD', 53, NOW(), NOW()),
(54, 5400.00, 'CREDIT_CARD', 54, NOW(), NOW()),
(55, 5500.00, 'CREDIT_CARD', 55, NOW(), NOW()),
(56, 5600.00, 'CREDIT_CARD', 56, NOW(), NOW()),
(57, 5700.00, 'CREDIT_CARD', 57, NOW(), NOW()),
(58, 5800.00, 'CREDIT_CARD', 58, NOW(), NOW()),
(59, 5900.00, 'CREDIT_CARD', 59, NOW(), NOW()),
(60, 6000.00, 'CREDIT_CARD', 60, NOW(), NOW()),
(61, 6100.00, 'CREDIT_CARD', 61, NOW(), NOW()),
(62, 6200.00, 'CREDIT_CARD', 62, NOW(), NOW()),
(63, 6300.00, 'CREDIT_CARD', 63, NOW(), NOW()),
(64, 6400.00, 'CREDIT_CARD', 64, NOW(), NOW()),
(65, 6500.00, 'CREDIT_CARD', 65, NOW(), NOW()),
(66, 6600.00, 'CREDIT_CARD', 66, NOW(), NOW()),
(67, 6700.00, 'CREDIT_CARD', 67, NOW(), NOW()),
(68, 6800.00, 'CREDIT_CARD', 68, NOW(), NOW()),
(69, 6900.00, 'CREDIT_CARD', 69, NOW(), NOW()),
(70, 7000.00, 'CREDIT_CARD', 70, NOW(), NOW()),
(71, 7100.00, 'CREDIT_CARD', 71, NOW(), NOW()),
(72, 7200.00, 'CREDIT_CARD', 72, NOW(), NOW()),
(73, 7300.00, 'CREDIT_CARD', 73, NOW(), NOW()),
(74, 7400.00, 'CREDIT_CARD', 74, NOW(), NOW()),
(75, 7500.00, 'CREDIT_CARD', 75, NOW(), NOW()),
(76, 7600.00, 'CREDIT_CARD', 76, NOW(), NOW()),
(77, 7700.00, 'CREDIT_CARD', 77, NOW(), NOW()),
(78, 7800.00, 'CREDIT_CARD', 78, NOW(), NOW()),
(79, 7900.00, 'CREDIT_CARD', 79, NOW(), NOW()),
(80, 8000.00, 'CREDIT_CARD', 80, NOW(), NOW()),
(81, 8100.00, 'CREDIT_CARD', 81, NOW(), NOW()),
(82, 8200.00, 'CREDIT_CARD', 82, NOW(), NOW()),
(83, 8300.00, 'CREDIT_CARD', 83, NOW(), NOW()),
(84, 8400.00, 'CREDIT_CARD', 84, NOW(), NOW()),
(85, 8500.00, 'CREDIT_CARD', 85, NOW(), NOW()),
(86, 8600.00, 'CREDIT_CARD', 86, NOW(), NOW()),
(87, 8700.00, 'CREDIT_CARD', 87, NOW(), NOW()),
(88, 8800.00, 'CREDIT_CARD', 88, NOW(), NOW()),
(89, 8900.00, 'CREDIT_CARD', 89, NOW(), NOW()),
(90, 9000.00, 'CREDIT_CARD', 90, NOW(), NOW()),
(91, 9100.00, 'CREDIT_CARD', 91, NOW(), NOW()),
(92, 9200.00, 'CREDIT_CARD', 92, NOW(), NOW()),
(93, 9300.00, 'CREDIT_CARD', 93, NOW(), NOW()),
(94, 9400.00, 'CREDIT_CARD', 94, NOW(), NOW()),
(95, 9500.00, 'CREDIT_CARD', 95, NOW(), NOW()),
(96, 9600.00, 'CREDIT_CARD', 96, NOW(), NOW()),
(97, 9700.00, 'CREDIT_CARD', 97, NOW(), NOW()),
(98, 9800.00, 'CREDIT_CARD', 98, NOW(), NOW()),
(99, 9900.00, 'CREDIT_CARD', 99, NOW(), NOW()),
(100, 10000.00, 'CREDIT_CARD', 100, NOW(), NOW());